{"functionList": [
    {
        "domain": [
            -0.5,
            1.25
        ],
        "name": "my test exponential",
        "valuesX": [
            -0.5,
            -0.25,
            0,
            0.25,
            0.5,
            0.75,
            1,
            1.25
        ],
        "valuesY": [
            2.8409853021175855,
            2.5783532742731645,
            2.34,
            2.123681054351858,
            1.9273594959884697,
            1.7491866865623327,
            1.5874848832380033,
            1.440731440428427
        ],
        "constants": {
            "a": 2.34,
            "b": -0.388,
            "c": 0
        },
        "type": "exponential"
    },
    {
        "domain": [
            -0.5,
            0.5
        ],
        "name": "polynomial test",
        "valuesX": [
            -0.5,
            -0.25,
            0,
            0.25,
            0.5
        ],
        "valuesY": [
            -1.36361875,
            -0.2311392578125,
            0.015,
            -0.09443417968750002,
            -0.2455562500000001
        ],
        "constants": {
            "a": 0.521,
            "b": -2.3134,
            "c": 4.342,
            "d": -2.7,
            "e": 0,
            "f": 0.015
        },
        "type": "polynomial"
    }
]}